,PRETAX_PROFIT_PERCENTAGE,CURRENT_RATIO,SALES_PER_NET_WORKING_CAPITAL,GEARING_RATIO,EQUITY_RATIO,CREDITOR_DAYS,DEBTOR_DAYS,LIQUIDITY_TEST,RETURN_CAPITAL_EMPLOYED,RETURN_TOTAL_ASSETS,DEBT_EQUITY,RETURN_EQUITY,RETURN_NET_ASSETS,TOTAL_DEBT_RATIO,EBITDA,Z
count,69.0,69.0,69.0,69.0,69.0,69.0,69.0,69.0,69.0,69.0,69.0,69.0,69.0,69.0,69.0,69.0
mean,-281.3162091422463,2.3813498430869555,4.1601471115942035,911.2913581754927,89.99466701857973,83.0222674176087,68.25459115123189,16930674.30650898,18.376928124072467,4.20603408836232,0.9003315620289855,66.31604808444929,38.05307751211594,9.957551972785547,3006674.133333334,3.612396329982277
std,1884.717862431471,2.3994231871316383,7.184848708630368,7187.647564132813,458.89711375317336,347.5905921742029,89.59001069400412,31675387.12916003,61.49173543738785,39.062418531194766,3.104169358068423,212.17465520578008,102.7531587560977,71.86669878883971,5516205.401261358,5.282293798259555
min,-15511.04728,0.0,-25.36562178,-300.7719524,-157.35109519999997,0.0,0.0,0.0,-283.9798293,-157.3519792,-14.49244713,0.0,-261.9335347,-14.492447129909365,-1888298.0,-4.351370436174927
25%,0.608091543,1.237147238,2.015414126,0.221760293,30.90891245,16.3509693,32.75645595,3119205.0,1.288738876,0.7123905420000001,0.254076268,9.171275966,4.091710729,0.3049390032209379,351437.0,1.6418354535883282
50%,4.524661355,2.030929685,3.227814139,9.591101751,52.47353416,30.55169277,56.47841106,7028998.6839999985,12.49070133,7.084205805,0.503008604,12.60541651,22.52888548,0.6440347641940172,985357.0,3.0583719701870558
75%,10.04653292,3.091458877,4.7506937339999995,34.40090929,71.45552463,42.36446842,81.81022959,19830999.34,36.39826749,16.56702533,1.06611767,19.74586061,53.63211927,1.4292989814260035,3582717.0,4.2884670512443055
max,56.78687139,18.7548215,34.32,59732.0,3816.4937,2887.855794,613.1471442000002,209576786.9,123.36842109999999,100.0,13.87533957,914.6257387,761.0,597.32,31163734.770000003,35.51599760169726
