,PRETAX_PROFIT_PERCENTAGE,CURRENT_RATIO,SALES_PER_NET_WORKING_CAPITAL,GEARING_RATIO,EQUITY_RATIO,CREDITOR_DAYS,DEBTOR_DAYS,LIQUIDITY_TEST,RETURN_CAPITAL_EMPLOYED,RETURN_TOTAL_ASSETS,DEBT_EQUITY,RETURN_EQUITY,RETURN_NET_ASSETS,TOTAL_DEBT_RATIO,EBITDA,Z
count,267.0,267.0,267.0,267.0,267.0,267.0,267.0,267.0,267.0,267.0,267.0,267.0,267.0,267.0,267.0,267.0
mean,-0.8603888243932581,2.321658601925095,-9.368148214456932,48.061046420408246,-5914.558106775861,43.878122337614215,54.719061510280895,10028704.258449644,16.218592552543072,-5903.224685168105,2.14306976919101,9.763199694367039,132.78125372572651,2.4506551175952977,1399362.5277528088,-145.59532747814882
std,85.41930315496622,6.408886198106401,303.2826249666524,446.8076012981026,96199.02128740236,57.57415873738933,47.447250756465316,24769590.70880397,603.2833175107986,96205.4890645452,11.757564812964677,9.601931504401646,830.4208771671344,14.153949372552272,4874465.237974203,2478.2207950257375
min,-1370.500025,0.0,-3734.714953,-2491.988791,-1571900.0,0.0,0.0,0.0,-8858.426965999999,-1572000.0,-55.13098237,0.0,-858.8235294,-55.13098236775818,-2744000.0,-40486.28996183207
25%,0.361314114,1.005302395,0.29817519000000003,0.0,19.492596095,20.646972005000002,26.58475002,284052.82715,3.230151755,0.785416207,0.3060716085,2.5033865705,4.1424219165,0.3421315155041982,9090.5,2.360680832064636
50%,3.441552371,1.43304669,5.004811064,6.192705605,37.59136324,35.75764817,56.68002641,3489506.6380000007,15.41194138,6.054233184,0.912212151,7.60548812,19.57271348,1.1266472185896792,361000.0,3.278949445984409
75%,8.053041118500001,2.1461726685,10.69507737,44.110800305,59.63409112,51.676716864999996,71.776448665,8326551.225499999,30.451909965,15.330529525,1.85885562,14.893772325,36.231707764999996,2.1662559656104285,1082006.5,4.5299602219323525
max,113.30179679999999,101.2349681,2073.772059,5271.95122,118.20731709999998,720.0762494,431.6919402,214467999.3,3676.3665590000014,1777.7777780000001,140.4634146,67.63337301,8698.780488,172.1829268292683,52588000.0,302.1219254670748
