,PRETAX_PROFIT_PERCENTAGE,CURRENT_RATIO,SALES_PER_NET_WORKING_CAPITAL,GEARING_RATIO,EQUITY_RATIO,CREDITOR_DAYS,DEBTOR_DAYS,LIQUIDITY_TEST,RETURN_CAPITAL_EMPLOYED,RETURN_TOTAL_ASSETS,DEBT_EQUITY,RETURN_EQUITY,RETURN_NET_ASSETS,TOTAL_DEBT_RATIO,EBITDA,Z
count,385.0,385.0,385.0,385.0,385.0,385.0,385.0,385.0,385.0,385.0,385.0,385.0,385.0,385.0,385.0,385.0
mean,-70.7528104147351,2.398708941472728,6.707322357262338,15.75334158334805,-105.22849073888833,334.1370323938441,63.80854663714807,75238387.21294378,634.2446239758934,143.42133225251428,4.819497914485721,12.653181805161042,635.3017821565533,5.126621159196078,7412487.944441559,9.327870399402578
std,1569.0708298389204,4.212268117802393,80.99431393195194,477.6878062985992,1551.5936578590686,5542.737466889779,85.62929136695993,556460569.7151397,8148.873161287552,1475.2213217153035,47.239261180594966,33.04631146016398,8149.302797576032,47.59046098247652,61293211.037268244,46.56768880936996
min,-30768.576310000004,0.003343417,-432.1006711,-6055.448276,-29809.523810000002,0.0,0.0,63.0,-17647.651009999998,-15138.09524,-256.41025640000004,0.0,-17647.651009999998,-256.4102564102564,-300500000.0,-81.91520100987142
25%,0.7411368079999999,0.946129949,-0.527504085,0.0,10.33376861,22.01222951,23.95508473,324585.9238,2.334059327,1.311146451,0.182586125,0.0,3.208447098,0.19357826317848068,0.0,2.086416190239193
50%,4.766559718,1.454960836,3.529507544,1.398712549,40.12194013,38.188856200000004,48.38468437,7694155.879,15.67914657,8.58023758,0.700477327,8.348581637999999,18.55006502,0.7983651226158038,414474.0,3.518659850189882
75%,19.16244202,2.358040822,8.439181929,22.68428334,60.96122232,54.81287266,71.67973752,23863999.43,50.76437706,23.34851563,1.87775715,14.84648536,67.14131269,2.3121786632390746,2902541.0,5.327492250774556
max,387.9656378,45.526027,1067.375,3801.2886359999998,242.8168029,108792.2545,1037.9036640000004,10302000000.0,149786.6667,16592.4812,630.0256410000002,451.53752369999995,149786.6667,630.0769230769231,987000000.0,548.2392765879064
