,PRETAX_PROFIT_PERCENTAGE,CURRENT_RATIO,SALES_PER_NET_WORKING_CAPITAL,GEARING_RATIO,EQUITY_RATIO,CREDITOR_DAYS,DEBTOR_DAYS,LIQUIDITY_TEST,RETURN_CAPITAL_EMPLOYED,RETURN_TOTAL_ASSETS,DEBT_EQUITY,RETURN_EQUITY,RETURN_NET_ASSETS,TOTAL_DEBT_RATIO,EBITDA,Z
count,289.0,289.0,289.0,289.0,289.0,289.0,289.0,289.0,289.0,289.0,289.0,289.0,289.0,289.0,289.0,288.0
mean,1.3264414126989614,2.7195040675086495,56.633989694733565,31.25640317227686,33.34655701757095,42.86528372740485,65.61951119965394,39076465.850014836,678.8462367562978,5.591110643294121,21.1088793650519,13.581720071083037,715.0556458024566,16.478773761445392,3049074.1988927335,3.3631296523870122
std,26.604900056972156,4.281853681846075,808.496062951502,810.2406004885493,65.25258974944306,44.4185918068307,48.546324013241126,206827162.97567397,10328.448073333655,19.254190853432007,213.77810129057434,13.380533884799204,10349.735755494086,200.5727031474033,56629492.85275229,3.362907022482201
min,-215.98119359999998,0.0,-952.972199,-10694.746720000001,-609.2674074,0.0,0.0,0.0,-7185.626667,-63.45391658,-188.0260225,0.0,-7185.626667,-212.7960787992496,-550000000.0,-4.910494377426339
25%,-1.0424101270000001,1.0907790309999998,1.045572252,0.044624363,17.03203177,18.37434713,40.45210986,2090239.695,0.706159278,-1.179294383,0.21397475800000001,4.7312653110000005,2.5138675530000003,0.2664051052535064,40603.0,1.8518976364658646
50%,3.42509155,1.6158635000000001,3.4218558389999996,5.08578316,45.55093213,36.23315209,62.57685612,5116872.652,9.682187731,4.456411982,0.617375435,10.20280771,13.70375362,0.7942099755842343,434000.0,2.9444650394676355
75%,9.119485563,2.558656855,7.096206611,38.81949744,66.20639535,57.06672309,82.00337757,14251986.46,27.08816421,12.01559047,1.551315866,18.81615359,35.49518566,1.8455479500314844,1653518.0,4.132879900466319
max,159.51807230000003,48.37294112,13444.5,6418.584071,108.51599479999999,562.0925779,444.6874531,2432000000.0,174981.25,118.3147813,3321.0,104.0236793,174981.25,3321.0,714124293.7,39.56438209026064
