,PRETAX_PROFIT_PERCENTAGE,CURRENT_RATIO,SALES_PER_NET_WORKING_CAPITAL,GEARING_RATIO,EQUITY_RATIO,CREDITOR_DAYS,DEBTOR_DAYS,LIQUIDITY_TEST,RETURN_CAPITAL_EMPLOYED,RETURN_TOTAL_ASSETS,DEBT_EQUITY,RETURN_EQUITY,RETURN_NET_ASSETS,TOTAL_DEBT_RATIO,EBITDA,Z
count,275.0,275.0,275.0,275.0,275.0,275.0,275.0,275.0,275.0,275.0,275.0,275.0,275.0,275.0,275.0,275.0
mean,9.340775551894538,2.401128287167272,6.0241602330545385,-105.28223793846541,37.600972836247266,39.69720009145816,58.98129829866905,48346692.26602467,7277.535924254459,7.697385603843635,28.009083134643635,11.904839729658194,7311.267888122368,30.30060716342847,1944707.301127273,3.6130340527327087
std,103.77220568649112,2.7968631486358215,30.605357175564617,3857.5450277098093,77.8778482577125,30.264423891326636,33.565777066444895,300773560.1916414,120351.41567589411,32.902281130472076,489.323734461731,12.602907068442446,120350.20496000923,486.8855460146665,43138919.155371554,3.6519696720657255
min,-194.8,0.057548447,-169.0020039,-60132.72727,-1048.9132,0.0,0.0,3215.520481,-1537.9609710000002,-228.4490042,-840.4181818,0.0,-1286.885246,-240.06557377049182,-363000000.0,-19.355359376618363
25%,0.412614103,1.1359419975,2.1153269865000004,0.33194443,24.953086475,18.174427904999998,36.676690915,2333674.062,2.3676448885,0.8195577885,0.3692966455,4.9102605655,2.9991127385,0.4232805921481517,106601.73999999999,2.2653271089849665
50%,3.019121078,1.679801593,4.304431303,8.24742268,45.87901593,35.03815454,61.28942606,5689507.0,10.6725735,4.736012543999999,0.868425753,8.707605448999999,13.26806426,0.9916656431787156,545825.0,3.186204720283147
75%,8.669156707500001,2.3122729265,9.966300033,47.086386015,66.366018855,55.288457155,79.60723745499999,13713910.45,24.466253684999998,12.91514151,1.8166269074999999,15.810110795,33.021131285,2.194948544508116,1426708.5,4.305196471578389
max,1672.1892810000006,24.6514658,295.0349365,19708.99406,121.8608481,268.7536488,169.874521,3330955314.0,1995820.0,247.5282153,8062.0,124.307506,1995820.0,8062.0,535702704.5,36.00285870134557
