,PRETAX_PROFIT_PERCENTAGE,CURRENT_RATIO,SALES_PER_NET_WORKING_CAPITAL,GEARING_RATIO,EQUITY_RATIO,CREDITOR_DAYS,DEBTOR_DAYS,LIQUIDITY_TEST,RETURN_CAPITAL_EMPLOYED,RETURN_TOTAL_ASSETS,DEBT_EQUITY,RETURN_EQUITY,RETURN_NET_ASSETS,TOTAL_DEBT_RATIO,EBITDA,Z
count,1537.0,1537.0,1537.0,1537.0,1537.0,1537.0,1537.0,1537.0,1537.0,1537.0,1537.0,1537.0,1537.0,1537.0,1537.0,1536.0
mean,10.233359920614847,11.079586044230952,46.585901935245275,597.6932292517298,22.570814507545855,51.296671923143734,84.03744689249515,30599021.926846758,1328.6774766139981,11.417070716802202,137.60415493932712,11.417479565073506,5044.483026380673,140.29045869463823,2339391.960214704,10.082088408778159
std,121.0639965273516,329.1301213702424,992.0035382013352,19188.281814009122,357.9029593795406,226.22017399746258,400.9036983090976,540603051.2576725,23747.31816971195,107.83505009431117,4091.1900850672387,18.929643892583904,125632.76923579103,4191.788122074192,51933491.53505828,200.2310253358329
min,-845.5974843,0.0,-6057.382275,-19883.07766,-12903.06122,0.0,0.0,0.0,-3873.2240439999996,-2639.795918,-455.5584177,0.0,-43303.25875,-455.5584177308088,-631000000.0,-31.657110169972075
25%,0.27218843800000003,1.13735598,1.30255324,0.037158442,24.48317795,19.04715493,45.41209757,1141918.988,1.77248362,0.45268834399999996,0.261406011,1.926648226,2.722801825,0.3120298812922908,15833.0,2.0945162471453296
50%,4.953644299,1.6960951709999998,3.3370763310000005,5.415896781,48.43730899,33.27956528,65.04950495,4580702.865,12.76496367,7.01969604,0.644096103,8.08117698,15.25875327,0.7868493393864556,463000.0,3.129675654296359
75%,11.67591855,2.724053296,6.83494957,34.6827855,68.66683321,50.54197642,84.61611531,9647615.94,29.67641124,15.65526784,1.664661727,15.94533872,36.40875749,1.9762248829806561,1353415.0,4.326498960093755
max,3685.5385539999997,12904.26273,34965.0,747200.0,878.686961,6471.327796000001,15234.1875,18885000000.0,607920.0,2707.142857,158156.0,588.3647798999998,4741200.0,162039.0,1874000000.0,7744.225096916587
