,PRETAX_PROFIT_PERCENTAGE,CURRENT_RATIO,SALES_PER_NET_WORKING_CAPITAL,GEARING_RATIO,EQUITY_RATIO,CREDITOR_DAYS,DEBTOR_DAYS,LIQUIDITY_TEST,RETURN_CAPITAL_EMPLOYED,RETURN_TOTAL_ASSETS,DEBT_EQUITY,RETURN_EQUITY,RETURN_NET_ASSETS,TOTAL_DEBT_RATIO,EBITDA,Z
count,311.0,311.0,311.0,311.0,311.0,311.0,311.0,311.0,311.0,311.0,311.0,311.0,311.0,311.0,311.0,311.0
mean,4.415266156315115,3.8950419705659183,9.72371647792926,91.2350924456077,-22.576749226794217,47.72150731251444,72.45498270563029,39287180.52309117,48.63436456965922,4.958448391630223,4.107944542694533,10.102898012180056,24.878502433218642,3.4180565518508517,3047162.349163987,3.8536523198515353
std,22.488498832861456,31.262583817890988,123.68391717219924,806.2595941308869,775.5176407011164,103.3582113781301,186.7797199150162,216287042.47382283,933.864310726095,24.566899903133258,27.64807507062043,25.141942682916746,122.64900475781029,25.51237963046989,9931136.717066152,19.094280146469007
min,-202.7117151,0.0,-269.4886735,-5445.879818,-13368.42105,0.0,0.0,0.0,-4076.466782,-193.51009209999998,-40.97363131,0.0,-916.2436548000001,-102.03907962016069,-26690000.0,-42.37808101998575
25%,0.616742415,0.927486314,-5.1074504825,0.8190527475,19.000386135,22.147160695,45.97017288,2398692.8195,2.905775928,0.9667030055000001,0.33296219400000004,3.5726251165000003,4.1166355815,0.3495390289809458,198513.0,1.9161101638544082
50%,3.776090496,1.332638708,3.199438868,14.03486048,39.9036546,37.52748263,66.38898414,4522844.968,10.88640814,5.107209069,0.931011948,7.879655583,14.40142193,1.1034142863134937,720425.0,2.695634555505916
75%,8.3799597385,2.085934838,8.50341088,73.334218985,60.954603355,58.704405005,80.94571834999999,11278914.79,24.68677965,12.76629668,1.9243103609999999,11.680927,31.234806380000002,2.6435804937945186,1473816.5,3.789478035414073
max,150.0,549.814433,2071.545455,10016.69423,99.81812045,1751.9830140000001,3302.5537679999998,2866447000.0,15879.91266,112.7777368,371.9142857,433.4209483,1224.035192,371.91428571428565,97931000.0,331.8423331981496
