,PRETAX_PROFIT_PERCENTAGE,CURRENT_RATIO,SALES_PER_NET_WORKING_CAPITAL,GEARING_RATIO,EQUITY_RATIO,CREDITOR_DAYS,DEBTOR_DAYS,LIQUIDITY_TEST,RETURN_CAPITAL_EMPLOYED,RETURN_TOTAL_ASSETS,DEBT_EQUITY,RETURN_EQUITY,RETURN_NET_ASSETS,TOTAL_DEBT_RATIO,EBITDA,Z
count,721.0,721.0,721.0,721.0,721.0,721.0,721.0,721.0,721.0,721.0,721.0,721.0,721.0,721.0,721.0,721.0
mean,6.106424577558947,2.2621994470083227,207.37976394989454,123.59874110358096,34.82509151379339,39.56638951964908,61.053132747990325,12332544.958572961,32.72420146696116,9.035824402356457,1.2336013142662983,10.048946932289873,40.82510420040918,4.772235251571284,2388235.1666158116,3.296503113363686
std,13.743793903452096,4.381334066100351,5270.9306791556655,1932.7099435651526,100.6318817692292,46.81549838350572,53.7947701966848,32424367.53764997,344.14839425969177,26.40686857772688,14.79910128754045,9.966341657214326,400.7534593141644,76.67447608632057,7517335.655247157,2.6187554515423175
min,-129.35928810000001,0.0,-544.1395482999999,-4938.25,-2165.6994,0.0,0.0,0.0,-3056.844968,-517.8920391,-297.29875,0.0,-3056.844968,-75.69534050179213,-13190000.0,-22.97250679363427
25%,1.885406231,1.088510859,1.58735265,0.810700477,23.79116775,20.82539374,43.81829366,2348321.6659999997,5.142856881,2.838774072,0.328464291,5.089135821,7.082783641,0.3585740245815193,236000.0,2.283187119495336
50%,5.339773727,1.552373821,4.199594798,11.35506177,45.44716531,34.1108101,60.59227467,4399411.836,15.69765584,8.333531934,0.7708856079999999,8.984157675,19.47240815,0.9270081881193026,827782.0,3.154539205764526
75%,10.3569046,2.471547294,9.271503803,51.57249376,66.12092067,47.897096999999995,76.25068719,10484524.29,29.0913669,16.24157139,1.762298025,12.91644726,36.19739985,2.189893184608812,2081495.0,4.194135490486802
max,127.0,95.77483656,141520.8868,50414.005,145.9965504,885.1407237,1234.207352,464290000.0,5649.374479,168.99827290000005,139.32365149999998,169.7897843,5853.675420000001,1950.5358726845814,155000000.0,30.145283172973038
