,PRETAX_PROFIT_PERCENTAGE,CURRENT_RATIO,SALES_PER_NET_WORKING_CAPITAL,GEARING_RATIO,EQUITY_RATIO,CREDITOR_DAYS,DEBTOR_DAYS,LIQUIDITY_TEST,RETURN_CAPITAL_EMPLOYED,RETURN_TOTAL_ASSETS,DEBT_EQUITY,RETURN_EQUITY,RETURN_NET_ASSETS,TOTAL_DEBT_RATIO,EBITDA,Z
count,50.0,50.0,50.0,50.0,50.0,50.0,50.0,50.0,50.0,50.0,50.0,50.0,50.0,50.0,50.0,50.0
mean,-48.31520612522002,3.4403971355,734.3593666475601,17.472126594519988,20.34230681034001,39.22170305274,39.97690478762001,134826916.60352,451.70410588114,-1.15805133254,4.548997150159998,7.951587730699998,449.92713295507974,4.794337734538127,29542638.1988,4.221640728160085
std,347.16621251215577,11.591905729963143,2793.6456087335373,168.16276374930757,118.39302039138997,59.81640543304245,31.302417062587644,395302649.0523138,2953.7751550200296,56.58939536590577,37.329213398404285,8.005700598630572,2954.1421932013263,37.35097337607983,90849362.81377223,9.124415109487586
min,-2440.3933420000008,0.077407135,-85.75374149,-597.4352828,-649.0964892999998,0.0,0.0,18261.0,-8.370495669,-353.8453865,-85.04324771,0.0,-78.90264098,-85.04324770642201,-11996360.0,-24.113164275845648
25%,0.48792133025,0.9581547525,0.11282507925000002,0.0,15.4122910675,9.2299121415,7.8310214955,4308721.28575,11.598762945,2.8345748815,0.17162622225,0.01449187075,9.7646063885,0.2893704400694005,546024.25,2.3624824736767565
50%,4.2252391755,1.3733291479999998,4.963159224,4.7118932585,43.164111005,29.664133839999998,44.69158574,9821434.415,19.756705125,8.4870960455,0.6655785185,8.234739888,21.392811000000002,0.7861232275110491,3014707.5,3.4440775931296144
75%,12.76509409,2.1887339937499997,11.0823952675,22.259466297499998,74.358763255,45.75766107,65.3144533,26846439.6025,34.8228290725,13.90654464,1.3634330697500001,12.607462,35.31593408500001,2.12281835080787,7175459.5,4.429760936630611
max,36.02907459,82.87633879999998,13063.6975,578.1600179,100.0622252,399.7507815,113.00711740000001,2296806697.0,20917.10526,87.04961121,239.28947369999997,31.91897071,20917.10526,239.28947368421046,506779284.29,51.09982917017035
