,PRETAX_PROFIT_PERCENTAGE,CURRENT_RATIO,SALES_PER_NET_WORKING_CAPITAL,GEARING_RATIO,EQUITY_RATIO,CREDITOR_DAYS,DEBTOR_DAYS,LIQUIDITY_TEST,RETURN_CAPITAL_EMPLOYED,RETURN_TOTAL_ASSETS,DEBT_EQUITY,RETURN_EQUITY,RETURN_NET_ASSETS,TOTAL_DEBT_RATIO,EBITDA,Z
count,294.0,294.0,294.0,294.0,294.0,294.0,294.0,294.0,294.0,294.0,294.0,294.0,294.0,294.0,294.0,294.0
mean,4.875469292605442,2.8632669597312908,12.032343674846942,383.8852205841666,-74.21288090267,47.44481301513263,51.770504886911546,6917461.693430388,279.26167054420415,-40.168449234455814,2.735251186098639,6.775831602816326,267.5661611662687,5.405580231272377,1132055.3163265307,5.831980566997814
std,17.351118966335463,11.940303980164847,183.32402173986506,3696.1120562188057,3030.977190503595,113.90544149890688,75.51674541105311,12853740.51947788,2768.665362209814,655.7080024995113,20.22823121950969,11.24625538341742,1924.8817094539538,47.54031490845216,2819897.6455101157,19.522103419397418
min,-123.5712192,0.0,-899.9354839,-982.5248646,-49900.0,0.0,0.0,0.0,-1111.688239,-7921.538462,-141.67511519999996,0.0,-2220.940035,-246.6,-13978000.0,-219.6273
25%,0.6141539004999998,0.99530079025,0.8631795310000001,0.0,16.570688875000002,12.1908578225,13.93573927,51170.98063,3.61993722125,1.153267327,0.179624898,0.0,5.1801261815,0.18003202148779437,1456.5,2.5546345747140666
50%,3.746488809,1.4619650495,4.6570129730000005,2.838878032,43.389304179999996,28.021283555,44.181999395000005,3527712.216,16.839945569999998,7.878407795999999,0.7287985225,4.411089436,21.016433669999998,0.788008296579374,258560.5,3.7528316388748753
75%,9.37501355725,2.58048105775,11.2618410975,27.1855089625,66.9532538275,40.67818673,65.76926174,8851764.2505,48.16385918,19.974198875,1.71465595025,9.63968825025,70.32208603500001,2.1686544408669297,1309924.75,5.580538273787445
max,145.2339909,201.4546881,2194.35516,57435.0,10040.0,1512.279821,875.6037623999997,115274999.4,33219.35484,331.666228,235.62825279999998,149.0586374,26460.0,574.35,22477000.0,175.6652839898513
