,PRETAX_PROFIT_PERCENTAGE,CURRENT_RATIO,SALES_PER_NET_WORKING_CAPITAL,GEARING_RATIO,EQUITY_RATIO,CREDITOR_DAYS,DEBTOR_DAYS,LIQUIDITY_TEST,RETURN_CAPITAL_EMPLOYED,RETURN_TOTAL_ASSETS,DEBT_EQUITY,RETURN_EQUITY,RETURN_NET_ASSETS,TOTAL_DEBT_RATIO,EBITDA,Z
count,83.0,83.0,83.0,83.0,83.0,83.0,83.0,83.0,83.0,83.0,83.0,83.0,83.0,83.0,83.0,82.0
mean,6.041615822072287,2.4133243053012055,81.16719034172291,1540.9670946274944,40.13277710477107,45.735377827132524,81.72122560008434,8408330.871614097,273.1446895043253,11.871049657228916,169.47719180683137,9.10472228819277,6753.187458332071,184.13305794503344,1790049.898072289,3.4892806670967036
std,21.955104144406825,3.5578952482486756,737.7011925312248,13717.163131507314,47.612399133426386,35.045775754688734,100.50972891233454,13320602.687831992,2583.280656538864,26.612144389960285,1396.3352536154139,7.460828490575485,59073.99188416304,1533.3911140735381,3890609.0835100436,2.538082978595545
min,-93.3066988,0.0,-149.1581072,-136.38071000000002,-197.00031830000003,0.0,0.0,0.0,-1734.318182,-63.15062139,-25.16483962,0.0,-1734.318182,-25.263470086496877,-2955000.0,-2.5560546095889807
25%,1.6118937144999999,1.088734987,0.757898523,1.0469471715,21.335865765,25.327445994999998,46.204120365,2654222.127,4.3047040995,1.4700342185,0.2893500765,2.567174736,4.457155837,0.3550278215220144,35728.770000000004,2.275256568654569
50%,5.447514044,1.704314121,3.392034357,7.919605261,51.25980458,38.26321117,58.98244052,4491165.42,13.82345798,7.566597067000001,0.563386535,9.120383525,17.00848069,0.7247139713913975,777785.0,3.111133071485092
75%,12.442907385,2.5255777935,6.16526717,30.935535135000002,66.792185325,53.124514594999994,83.918820275,9899830.875,34.78585747,16.722095125,1.3371496555000002,12.988011935,38.39966816500001,1.6497037375017427,1762557.0,4.679030978272849
max,67.76390633,31.27835691,6718.1580969999995,125000.0,115.4357096,193.6207539,683.3961561000001,92407999.85,23410.32258,182.6034937,12718.0,38.25489084,537950.0,13968.0,27002213.0,17.02854541708609
