,PRETAX_PROFIT_PERCENTAGE,CURRENT_RATIO,SALES_PER_NET_WORKING_CAPITAL,GEARING_RATIO,EQUITY_RATIO,CREDITOR_DAYS,DEBTOR_DAYS,LIQUIDITY_TEST,RETURN_CAPITAL_EMPLOYED,RETURN_TOTAL_ASSETS,DEBT_EQUITY,RETURN_EQUITY,RETURN_NET_ASSETS,TOTAL_DEBT_RATIO,EBITDA,Z
count,1593.0,1593.0,1593.0,1593.0,1593.0,1593.0,1593.0,1593.0,1593.0,1593.0,1593.0,1593.0,1593.0,1593.0,1593.0,1593.0
mean,6.299788607775893,2.5677005317062154,64.38868688669875,95.5918821677576,-13.70832870204272,41.50357366498242,67.53459007019468,23138495.16953325,123.85693266670869,15.908858212505326,3.3713675484588785,11.171666661129313,143.38951130301248,3.545772555992658,4018695.028079096,5.152403226195129
std,56.94321778472882,6.136717831813607,2463.257913846891,1493.1786250313892,1330.409516061608,132.5897421061953,56.33181187110461,351249790.9609068,2316.746909464203,125.67618523836441,44.09177135549018,16.007164344715296,2500.213931294894,38.31396962205401,59985803.492259435,39.48158718221567
min,-1503.6602050000001,0.0,-3538.437736,-19166.66667,-48800.0,0.0,0.0,0.0,-7160.848065000001,-803.2520325,-389.1515009,0.0,-9846.428570999999,-277.078373015873,-22748000.0,-183.43914313865628
25%,1.225870738,1.1547934290000001,1.711183336,0.17907088899999998,23.36536908,18.65742053,46.48994602,1331392.969,4.083111129,1.911366511,0.32347197,2.828112075,5.20748967,0.3740681430476904,63975.0,2.250774979546272
50%,5.43285892,1.620153505,4.001788278,6.5654650110000015,44.88806749,32.88449077,65.60008476,3610775.6769999997,15.23521795,7.995738857999999,0.788516202,8.053775935,18.58792198,0.9664548669502736,477484.0,3.1547081210120784
75%,11.51249609,2.5581615419999997,8.358806658999999,40.48989748,66.47348242,50.29586007,83.73716787,7882345.796,33.56476398,16.73340507,1.850195508,15.02354132,42.11760118,2.2522602969081364,1291000.0,4.276579882641327
max,823.3826667000003,200.18,98134.57143,49295.77465,204.9460893,5128.836287,1649.030525,12499000000.0,86600.0,4550.0,1058.570946,288.3326077,86600.0,1067.3547297297298,1764000000.0,1268.5057794474715
