,PRETAX_PROFIT_PERCENTAGE,CURRENT_RATIO,SALES_PER_NET_WORKING_CAPITAL,GEARING_RATIO,EQUITY_RATIO,CREDITOR_DAYS,DEBTOR_DAYS,LIQUIDITY_TEST,RETURN_CAPITAL_EMPLOYED,RETURN_TOTAL_ASSETS,DEBT_EQUITY,RETURN_EQUITY,RETURN_NET_ASSETS,TOTAL_DEBT_RATIO,EBITDA,Z
count,734.0,734.0,734.0,734.0,734.0,734.0,734.0,734.0,734.0,734.0,734.0,734.0,734.0,734.0,734.0,734.0
mean,-15.411698234008176,5.692627173069486,48.714302150926414,134.35771485984884,-737.1718773720356,43.79161862722204,74.24608663248769,32263612.35361165,630.5753310721904,56.54514650594145,8.450396461821528,13.27240168361035,3423.8968541918207,11.842345484305355,8970894.962207085,31.68633363355056
std,269.8585884995819,33.38576165778092,909.0024041589566,2367.614393083439,20847.286442470304,113.20786035498921,173.24501700401441,145355565.02380103,13302.898589739416,1124.802139436477,154.5837161228974,18.98303256660301,75672.42044492619,179.51324164938288,117804962.17114316,851.7935295038502
min,-5419.394896,0.0,-610.5675676,-7578.04878,-564738.6364,0.0,0.0,0.0,-3552.644231,-2967.291872,-411.703125,0.0,-4314.5454549999995,-164.29268292682923,-98199000.0,-4123.190802865881
25%,0.8813075567499999,1.29854657375,1.00944212125,0.0,27.9006420575,9.467008996,31.45138395,1916823.30875,2.4573124325,0.9232884374999999,0.148824885,2.20944058075,3.1117971239999997,0.15497676799619617,6073.75,2.0724449201345987
50%,6.127639189,2.145621325,2.4654705889999997,1.210081583,60.498296005,23.38589366,54.70287333,6551706.5370000005,14.453318175,7.4784690575,0.420051538,10.096000865,17.25602125,0.48029385143016157,555502.0,3.4922958838668237
75%,15.9504613425,4.06629492675,4.44158779575,13.966419819999999,80.54819287750001,41.5236836625,81.87457685250001,15727682.365,34.0250571275,18.595579065,1.14966849275,17.381956035,39.832372745,1.3279717441977295,2365383.0,5.1378872093306445
max,1407.54156,733.684025,21557.33333,48000.0,437.3909152,1599.031994,3998.435193,1782553000.0,350350.0,29315.909089999997,3856.0,255.6005131,2018700.0,4336.0,2332350448.0,22661.005789473686
